"sum","time","diff"
"10","1750265170612","1"
"10","1750265171602","-1"
"20","1750265171602","1"
"20","1750265172602","-1"
"30","1750265172602","1"
"30","1750265173602","-1"
"40","1750265173602","1"
"40","1750265174602","-1"
"50","1750265174602","1"
"50","1750265175602","-1"
"60","1750265175602","1"
"60","1750265176602","-1"
"70","1750265176602","1"
"70","1750265177602","-1"
"80","1750265177602","1"
"80","1750265178602","-1"
"90","1750265178602","1"
"90","1750265179602","-1"
"100","1750265179602","1"
"100","1750265180602","-1"
"110","1750265180602","1"
"110","1750265181602","-1"
"120","1750265181602","1"
"120","1750265182602","-1"
"130","1750265182602","1"
"130","1750265183602","-1"
"140","1750265183602","1"
"140","1750265184602","-1"
"150","1750265184602","1"
"150","1750265185602","-1"
"160","1750265185602","1"
"160","1750265186602","-1"
"170","1750265186602","1"
"170","1750265187602","-1"
"179","1750265187602","1"
"179","1750265188602","-1"
"189","1750265188602","1"
"189","1750265189602","-1"
"199","1750265189602","1"
"199","1750265190602","-1"
"209","1750265190602","1"
"209","1750265191602","-1"
"219","1750265191602","1"
"219","1750265192602","-1"
"229","1750265192602","1"
"229","1750265193602","-1"
"239","1750265193602","1"
"239","1750265194602","-1"
"249","1750265194602","1"
"249","1750265195602","-1"
"259","1750265195602","1"
"259","1750265196602","-1"
"269","1750265196602","1"
"269","1750265197602","-1"
"279","1750265197602","1"
"279","1750265198602","-1"
"289","1750265198602","1"
"289","1750265199602","-1"
"299","1750265199602","1"
"299","1750265200602","-1"
"309","1750265200602","1"
"309","1750265201602","-1"
"319","1750265201602","1"
"319","1750265202602","-1"
"329","1750265202602","1"
"329","1750265203602","-1"
"339","1750265203602","1"
"339","1750265204602","-1"
"349","1750265204602","1"
"349","1750265205602","-1"
"359","1750265205602","1"
"359","1750265206602","-1"
"369","1750265206602","1"
"369","1750265207602","-1"
"378","1750265207602","1"
"378","1750265208602","-1"
"388","1750265208602","1"
"388","1750265209602","-1"
"398","1750265209602","1"
"398","1750265210602","-1"
"408","1750265210602","1"
"408","1750265211602","-1"
"418","1750265211602","1"
"418","1750265212602","-1"
"428","1750265212602","1"
"428","1750265213602","-1"
"438","1750265213602","1"
"438","1750265214602","-1"
"448","1750265214602","1"
"448","1750265215602","-1"
"458","1750265215602","1"
"458","1750265216602","-1"
"468","1750265216602","1"
"468","1750265217602","-1"
"478","1750265217602","1"
"478","1750265218602","-1"
"488","1750265218602","1"
"488","1750265219602","-1"
"498","1750265219602","1"
"498","1750265220602","-1"
"508","1750265220602","1"
"508","1750265221602","-1"
"518","1750265221602","1"
"518","1750265222602","-1"
"528","1750265222602","1"
"528","1750265223602","-1"
"538","1750265223602","1"
"538","1750265224602","-1"
"548","1750265224602","1"
"548","1750265225602","-1"
"558","1750265225602","1"
"558","1750265226602","-1"
"568","1750265226602","1"
"568","1750265227602","-1"
"578","1750265227602","1"
"578","1750265228602","-1"
"587","1750265228602","1"
"587","1750265229602","-1"
"597","1750265229602","1"
"597","1750265230602","-1"
"607","1750265230602","1"
"607","1750265231602","-1"
"617","1750265231602","1"
"617","1750265232602","-1"
"627","1750265232602","1"
"627","1750265233602","-1"
"637","1750265233602","1"
"637","1750265234602","-1"
"647","1750265234602","1"
"647","1750265235602","-1"
"657","1750265235602","1"
"657","1750265236602","-1"
"667","1750265236602","1"
"667","1750265237602","-1"
"677","1750265237602","1"
"677","1750265238602","-1"
"687","1750265238602","1"
"687","1750265239602","-1"
"697","1750265239602","1"
"697","1750265240602","-1"
"707","1750265240602","1"
"707","1750265241602","-1"
"717","1750265241602","1"
"717","1750265242602","-1"
"727","1750265242602","1"
"727","1750265243602","-1"
"737","1750265243602","1"
"737","1750265244602","-1"
"747","1750265244602","1"
"747","1750265245602","-1"
"757","1750265245602","1"
"757","1750265246602","-1"
"766","1750265246602","1"
"766","1750265247602","-1"
"776","1750265247602","1"
"776","1750265248602","-1"
"786","1750265248602","1"
"786","1750265249606","-1"
"796","1750265249606","1"
"796","1750265250610","-1"
"806","1750265250610","1"
"806","1750265251602","-1"
"816","1750265251602","1"
"816","1750265252602","-1"
"826","1750265252602","1"
"826","1750265253602","-1"
"836","1750265253602","1"
"836","1750265254602","-1"
"846","1750265254602","1"
"846","1750265255602","-1"
"856","1750265255602","1"
"856","1750265256602","-1"
"866","1750265256602","1"
"866","1750265257602","-1"
"876","1750265257602","1"
"876","1750265258602","-1"
"886","1750265258602","1"
"886","1750265259604","-1"
"896","1750265259604","1"
"896","1750265260602","-1"
"906","1750265260602","1"
"906","1750265261602","-1"
"916","1750265261602","1"
"916","1750265262602","-1"
"926","1750265262602","1"
"926","1750265263602","-1"
"936","1750265263602","1"
"936","1750265264602","-1"
"946","1750265264602","1"
"946","1750265265602","-1"
"955","1750265265602","1"
"955","1750265266602","-1"
"965","1750265266602","1"
"965","1750265267602","-1"
"975","1750265267602","1"
"975","1750265268602","-1"
"985","1750265268602","1"
"985","1750265269602","-1"
"995","1750265269602","1"
"995","1750265270602","-1"
"1005","1750265270602","1"
"1005","1750265271602","-1"
"1015","1750265271602","1"
"1015","1750265272602","-1"
"1025","1750265272602","1"
"1025","1750265273602","-1"
"1035","1750265273602","1"
"1035","1750265274602","-1"
"1045","1750265274602","1"
"1045","1750265275602","-1"
"1055","1750265275602","1"
"1055","1750265276602","-1"
"1065","1750265276602","1"
"1065","1750265277602","-1"
"1075","1750265277602","1"
"1075","1750265278602","-1"
"1085","1750265278602","1"
"1085","1750265279602","-1"
"1095","1750265279602","1"
"1095","1750265280602","-1"
"1105","1750265280602","1"
"1105","1750265281602","-1"
"1115","1750265281602","1"
"1115","1750265282602","-1"
"1125","1750265282602","1"
"1125","1750265283602","-1"
"1135","1750265283602","1"
"1135","1750265284602","-1"
"1144","1750265284602","1"
"1144","1750265285602","-1"
"1154","1750265285602","1"
"1154","1750265286602","-1"
"1164","1750265286602","1"
"1164","1750265287602","-1"
"1174","1750265287602","1"
"1174","1750265288602","-1"
"1184","1750265288602","1"
"1184","1750265289602","-1"
"1194","1750265289602","1"
"1194","1750265290602","-1"
"1204","1750265290602","1"
"1204","1750265291602","-1"
"1214","1750265291602","1"
"1214","1750265292602","-1"
"1224","1750265292602","1"
"1224","1750265293602","-1"
"1234","1750265293602","1"
"1234","1750265294602","-1"
"1244","1750265294602","1"
"1244","1750265295602","-1"
"1254","1750265295602","1"
"1254","1750265296602","-1"
"1264","1750265296602","1"
"1264","1750265297602","-1"
"1274","1750265297602","1"
"1274","1750265298602","-1"
"1284","1750265298602","1"
"1284","1750265299602","-1"
"1294","1750265299602","1"
"1294","1750265300602","-1"
"1304","1750265300602","1"
"1304","1750265301602","-1"
"1314","1750265301602","1"
"1314","1750265302602","-1"
"1324","1750265302602","1"
"1324","1750265303602","-1"
"1334","1750265303602","1"
"1334","1750265304602","-1"
"1344","1750265304602","1"
"1344","1750265305602","-1"
"1353","1750265305602","1"
"1353","1750265306602","-1"
"1363","1750265306602","1"
"1363","1750265307602","-1"
"1373","1750265307602","1"
"1373","1750265308602","-1"
"1383","1750265308602","1"
"1383","1750265309602","-1"
"1393","1750265309602","1"
"1393","1750265310602","-1"
"1403","1750265310602","1"
"1403","1750265311602","-1"
"1413","1750265311602","1"
"1413","1750265312602","-1"
"1423","1750265312602","1"
"1423","1750265313602","-1"
"1433","1750265313602","1"
"1433","1750265314602","-1"
"1443","1750265314602","1"
"1443","1750265315602","-1"
"1453","1750265315602","1"
"1453","1750265316602","-1"
"1463","1750265316602","1"
"1463","1750265317602","-1"
"1473","1750265317602","1"
"1473","1750265318602","-1"
"1483","1750265318602","1"
"1483","1750265319602","-1"
"1493","1750265319602","1"
"1493","1750265320602","-1"
"1503","1750265320602","1"
"1503","1750265321602","-1"
"1513","1750265321602","1"
"1513","1750265322602","-1"
"1523","1750265322602","1"
"1523","1750265323602","-1"
"1533","1750265323602","1"
"1533","1750265324602","-1"
"1542","1750265324602","1"
"1542","1750265325602","-1"
"1552","1750265325602","1"
"1552","1750265326602","-1"
"1562","1750265326602","1"
"1562","1750265327602","-1"
"1572","1750265327602","1"
"1572","1750265328602","-1"
"1582","1750265328602","1"
"1582","1750265329602","-1"
"1592","1750265329602","1"
"1592","1750265330602","-1"
"1602","1750265330602","1"
"1602","1750265331602","-1"
"1612","1750265331602","1"
"1612","1750265332602","-1"
"1622","1750265332602","1"
"1622","1750265333602","-1"
"1632","1750265333602","1"
"1632","1750265334602","-1"
"1642","1750265334602","1"
"1642","1750265335602","-1"
"1652","1750265335602","1"
"1652","1750265336602","-1"
"1662","1750265336602","1"
"1662","1750265337602","-1"
"1672","1750265337602","1"
"1672","1750265338602","-1"
"1682","1750265338602","1"
"1682","1750265339602","-1"
"1692","1750265339602","1"
"1692","1750265340602","-1"
"1702","1750265340602","1"
"1702","1750265341602","-1"
"1712","1750265341602","1"
"1712","1750265342602","-1"
"1722","1750265342602","1"
"1722","1750265343602","-1"
"1732","1750265343602","1"
"1732","1750265344602","-1"
"1741","1750265344602","1"
"1741","1750265345602","-1"
"1751","1750265345602","1"
"1751","1750265346602","-1"
"1761","1750265346602","1"
"1761","1750265347602","-1"
"1771","1750265347602","1"
"1771","1750265348602","-1"
"1781","1750265348602","1"
"1781","1750265349602","-1"
"1791","1750265349602","1"
"1791","1750265350602","-1"
"1801","1750265350602","1"
"1801","1750265351602","-1"
"1811","1750265351602","1"
"1811","1750265352602","-1"
"1821","1750265352602","1"
"1821","1750265353602","-1"
"1831","1750265353602","1"
"1831","1750265354602","-1"
"1841","1750265354602","1"
"1841","1750265355602","-1"
"1851","1750265355602","1"
"1851","1750265356602","-1"
"1861","1750265356602","1"
"1861","1750265357602","-1"
"1871","1750265357602","1"
"1871","1750265358602","-1"
"1881","1750265358602","1"
"1881","1750265359602","-1"
"1891","1750265359602","1"
"1891","1750265360602","-1"
"1901","1750265360602","1"
"1901","1750265361602","-1"
"1911","1750265361602","1"
"1911","1750265362602","-1"
"1921","1750265362602","1"
"1921","1750265363602","-1"
"1930","1750265363602","1"
"1930","1750265364602","-1"
"1940","1750265364602","1"
"1940","1750265365602","-1"
"1950","1750265365602","1"
"1950","1750265366602","-1"
"1960","1750265366602","1"
"1960","1750265367602","-1"
"1970","1750265367602","1"
"1970","1750265368602","-1"
"1980","1750265368602","1"
"1980","1750265369602","-1"
"1990","1750265369602","1"
"1990","1750265370602","-1"
"2000","1750265370602","1"
"2000","1750265371602","-1"
"2010","1750265371602","1"
"2010","1750265372602","-1"
"2020","1750265372602","1"
"2020","1750265373602","-1"
"2030","1750265373602","1"
"2030","1750265374602","-1"
"2040","1750265374602","1"
"2040","1750265375602","-1"
"2050","1750265375602","1"
"2050","1750265376602","-1"
"2060","1750265376602","1"
"2060","1750265377602","-1"
"2070","1750265377602","1"
"2070","1750265378602","-1"
"2079","1750265378602","1"
"2079","1750265379602","-1"
"2089","1750265379602","1"
"2089","1750265380602","-1"
"2099","1750265380602","1"
"2099","1750265381602","-1"
"2109","1750265381602","1"
"2109","1750265382602","-1"
"2119","1750265382602","1"
"2119","1750265383602","-1"
"2129","1750265383602","1"
"2129","1750265384602","-1"
"2139","1750265384602","1"
"2139","1750265385602","-1"
"2149","1750265385602","1"
"2149","1750265386602","-1"
"2159","1750265386602","1"
"2159","1750265387602","-1"
"2169","1750265387602","1"
"2169","1750265388602","-1"
"2179","1750265388602","1"
"2179","1750265389602","-1"
"2189","1750265389602","1"
"2189","1750265390602","-1"
"2199","1750265390602","1"
"2199","1750265391602","-1"
"2209","1750265391602","1"
"2209","1750265392602","-1"
"2219","1750265392602","1"
"2219","1750265393602","-1"
"2229","1750265393602","1"
"2229","1750265394602","-1"
"2239","1750265394602","1"
"2239","1750265395602","-1"
"2249","1750265395602","1"
"2249","1750265396602","-1"
"2259","1750265396602","1"
"2259","1750265397602","-1"
"2269","1750265397602","1"
"2269","1750265398602","-1"
"2279","1750265398602","1"
"2279","1750265399602","-1"
"2289","1750265399602","1"
"2289","1750265400602","-1"
"2299","1750265400602","1"
"2299","1750265401602","-1"
"2309","1750265401602","1"
"2309","1750265402602","-1"
"2318","1750265402602","1"
"2318","1750265403602","-1"
"2328","1750265403602","1"
"2328","1750265404602","-1"
"2338","1750265404602","1"
"2338","1750265405602","-1"
"2348","1750265405602","1"
"2348","1750265406602","-1"
"2358","1750265406602","1"
"2358","1750265407602","-1"
"2368","1750265407602","1"
"2368","1750265408602","-1"
"2378","1750265408602","1"
"2378","1750265409602","-1"
"2388","1750265409602","1"
"2388","1750265410602","-1"
"2398","1750265410602","1"
"2398","1750265411602","-1"
"2408","1750265411602","1"
"2408","1750265412602","-1"
"2418","1750265412602","1"
"2418","1750265413602","-1"
"2428","1750265413602","1"
"2428","1750265414602","-1"
"2438","1750265414602","1"
"2438","1750265415602","-1"
"2448","1750265415602","1"
"2448","1750265416602","-1"
"2458","1750265416602","1"
"2458","1750265417602","-1"
"2468","1750265417602","1"
"2468","1750265418602","-1"
"2478","1750265418602","1"
"2478","1750265419602","-1"
"2488","1750265419602","1"
"2488","1750265420602","-1"
"2498","1750265420602","1"
"2498","1750265421602","-1"
"2508","1750265421602","1"
"2508","1750265422602","-1"
"2518","1750265422602","1"
"2518","1750265423602","-1"
"2527","1750265423602","1"
"2527","1750265424602","-1"
"2537","1750265424602","1"
"2537","1750265425602","-1"
"2547","1750265425602","1"
"2547","1750265426602","-1"
"2557","1750265426602","1"
"2557","1750265427602","-1"
"2567","1750265427602","1"
"2567","1750265428602","-1"
"2577","1750265428602","1"
"2577","1750265429602","-1"
"2587","1750265429602","1"
"2587","1750265430602","-1"
"2597","1750265430602","1"
"2597","1750265431602","-1"
"2607","1750265431602","1"
"2607","1750265432602","-1"
"2617","1750265432602","1"
"2617","1750265433602","-1"
"2627","1750265433602","1"
"2627","1750265434602","-1"
"2637","1750265434602","1"
"2637","1750265435602","-1"
"2647","1750265435602","1"
"2647","1750265436602","-1"
"2657","1750265436602","1"
"2657","1750265437602","-1"
"2667","1750265437602","1"
"2667","1750265438602","-1"
"2677","1750265438602","1"
"2677","1750265439602","-1"
"2687","1750265439602","1"
"2687","1750265440602","-1"
"2697","1750265440602","1"
"2697","1750265441602","-1"
"2707","1750265441602","1"
"2707","1750265442602","-1"
"2717","1750265442602","1"
"2717","1750265443602","-1"
"2727","1750265443602","1"
"2727","1750265444602","-1"
"2736","1750265444602","1"
"2736","1750265445602","-1"
"2746","1750265445602","1"
"2746","1750265446602","-1"
"2756","1750265446602","1"
"2756","1750265447602","-1"
"2766","1750265447602","1"
"2766","1750265448602","-1"
"2776","1750265448602","1"
"2776","1750265449602","-1"
"2786","1750265449602","1"
"2786","1750265450602","-1"
"2796","1750265450602","1"
"2796","1750265451602","-1"
"2806","1750265451602","1"
"2806","1750265452602","-1"
"2816","1750265452602","1"
"2816","1750265453602","-1"
"2826","1750265453602","1"
"2826","1750265454602","-1"
"2836","1750265454602","1"
"2836","1750265455602","-1"
"2846","1750265455602","1"
"2846","1750265456602","-1"
"2856","1750265456602","1"
"2856","1750265457602","-1"
"2866","1750265457602","1"
"2866","1750265458602","-1"
"2876","1750265458602","1"
"2876","1750265459602","-1"
"2886","1750265459602","1"
"2886","1750265460602","-1"
"2896","1750265460602","1"
"2896","1750265461602","-1"
"2906","1750265461602","1"
"2906","1750265462602","-1"
"2916","1750265462602","1"
"2916","1750265463602","-1"
"2925","1750265463602","1"
"2925","1750265464602","-1"
"2935","1750265464602","1"
"2935","1750265465602","-1"
"2945","1750265465602","1"
"2945","1750265466602","-1"
"2955","1750265466602","1"
"2955","1750265467602","-1"
"2965","1750265467602","1"
"2965","1750265468602","-1"
"2975","1750265468602","1"
"2975","1750265469602","-1"
"2985","1750265469602","1"
"2985","1750265470602","-1"
"2995","1750265470602","1"
"2995","1750265471602","-1"
"3005","1750265471602","1"
"3005","1750265472602","-1"
"3015","1750265472602","1"
"3015","1750265473602","-1"
"3025","1750265473602","1"
"3025","1750265474602","-1"
"3035","1750265474602","1"
"3035","1750265475602","-1"
"3045","1750265475602","1"
"3045","1750265476602","-1"
"3055","1750265476602","1"
"3055","1750265477602","-1"
"3065","1750265477602","1"
"3065","1750265478602","-1"
"3075","1750265478602","1"
"3075","1750265479602","-1"
"3085","1750265479602","1"
"3085","1750265480602","-1"
"3095","1750265480602","1"
"3095","1750265481602","-1"
"3105","1750265481602","1"
"3105","1750265482602","-1"
"3115","1750265482602","1"
"3115","1750265483602","-1"
"3125","1750265483602","1"
"3125","1750265484602","-1"
"3135","1750265484602","1"
"3135","1750265485602","-1"
"3144","1750265485602","1"
"3144","1750265486602","-1"
"3154","1750265486602","1"
"3154","1750265487602","-1"
"3164","1750265487602","1"
"3164","1750265488602","-1"
"3174","1750265488602","1"
"3174","1750265489602","-1"
"3184","1750265489602","1"
"3184","1750265490602","-1"
"3194","1750265490602","1"
"3194","1750265491602","-1"
"3204","1750265491602","1"
"3204","1750265492602","-1"
"3214","1750265492602","1"
"3214","1750265493602","-1"
"3224","1750265493602","1"
"3224","1750265494602","-1"
"3234","1750265494602","1"
"3234","1750265495602","-1"
"3244","1750265495602","1"
"3244","1750265496602","-1"
"3254","1750265496602","1"
"3254","1750265497602","-1"
"3264","1750265497602","1"
"3264","1750265498602","-1"
"3274","1750265498602","1"
"3274","1750265499602","-1"
"3284","1750265499602","1"
"3284","1750265500602","-1"
"3294","1750265500602","1"
"3294","1750265501602","-1"
"3304","1750265501602","1"
"3304","1750265502602","-1"
"3314","1750265502602","1"
"3314","1750265503602","-1"
"3324","1750265503602","1"
"3324","1750265504602","-1"
"3334","1750265504602","1"
"3334","1750265505602","-1"
"3344","1750265505602","1"
"3344","1750265506602","-1"
"3353","1750265506602","1"
"3353","1750265507602","-1"
"3363","1750265507602","1"
"3363","1750265508602","-1"
"3373","1750265508602","1"
"3373","1750265509602","-1"
"3383","1750265509602","1"
"3383","1750265510602","-1"
"3393","1750265510602","1"
"3393","1750265511602","-1"
"3403","1750265511602","1"
"3403","1750265512602","-1"
"3413","1750265512602","1"
"3413","1750265513602","-1"
"3423","1750265513602","1"
"3423","1750265514602","-1"
"3433","1750265514602","1"
"3433","1750265515602","-1"
"3443","1750265515602","1"
"3443","1750265516602","-1"
"3453","1750265516602","1"
"3453","1750265517602","-1"
"3463","1750265517602","1"
"3463","1750265518602","-1"
"3473","1750265518602","1"
"3473","1750265519602","-1"
"3483","1750265519602","1"
"3483","1750265520602","-1"
"3493","1750265520602","1"
"3493","1750265521602","-1"
"3503","1750265521602","1"
"3503","1750265522602","-1"
"3513","1750265522602","1"
"3513","1750265523602","-1"
"3523","1750265523602","1"
"3523","1750265524602","-1"
"3533","1750265524602","1"
"3533","1750265525602","-1"
"3542","1750265525602","1"
"3542","1750265526602","-1"
"3552","1750265526602","1"
"3552","1750265527602","-1"
"3562","1750265527602","1"
"3562","1750265528602","-1"
"3572","1750265528602","1"
"3572","1750265529602","-1"
"3582","1750265529602","1"
"3582","1750265530602","-1"
"3592","1750265530602","1"
"3592","1750265531602","-1"
"3602","1750265531602","1"
"3602","1750265532602","-1"
"3612","1750265532602","1"
"3612","1750265533602","-1"
"3622","1750265533602","1"
"3622","1750265534602","-1"
"3632","1750265534602","1"
"3632","1750265535602","-1"
"3642","1750265535602","1"
"3642","1750265536602","-1"
"3652","1750265536602","1"
"3652","1750265537602","-1"
"3662","1750265537602","1"
"3662","1750265538602","-1"
"3672","1750265538602","1"
"3672","1750265539602","-1"
"3682","1750265539602","1"
"3682","1750265540602","-1"
"3692","1750265540602","1"
"3692","1750265541602","-1"
"3702","1750265541602","1"
"3702","1750265542602","-1"
"3712","1750265542602","1"
"3712","1750265543602","-1"
"3722","1750265543602","1"
"3722","1750265544602","-1"
"3731","1750265544602","1"
"3731","1750265545602","-1"
"3741","1750265545602","1"
"3741","1750265546602","-1"
"3751","1750265546602","1"
"3751","1750265547602","-1"
"3761","1750265547602","1"
"3761","1750265548602","-1"
"3771","1750265548602","1"
"3771","1750265549602","-1"
"3781","1750265549602","1"
"3781","1750265550602","-1"
"3791","1750265550602","1"
"3791","1750265551602","-1"
"3801","1750265551602","1"
"3801","1750265552602","-1"
"3811","1750265552602","1"
"3811","1750265553602","-1"
"3821","1750265553602","1"
"3821","1750265554602","-1"
"3831","1750265554602","1"
"3831","1750265555602","-1"
"3841","1750265555602","1"
"3841","1750265556602","-1"
"3851","1750265556602","1"
"3851","1750265557602","-1"
"3861","1750265557602","1"
"3861","1750265558602","-1"
"3871","1750265558602","1"
"3871","1750265559602","-1"
"3881","1750265559602","1"
"3881","1750265560602","-1"
"3891","1750265560602","1"
"3891","1750265561602","-1"
"3901","1750265561602","1"
"3901","1750265562602","-1"
"3910","1750265562602","1"
"3910","1750265563602","-1"
"3920","1750265563602","1"
"3920","1750265564602","-1"
"3930","1750265564602","1"
"3930","1750265565602","-1"
"3940","1750265565602","1"
"3940","1750265566602","-1"
"3950","1750265566602","1"
"3950","1750265567602","-1"
"3960","1750265567602","1"
"3960","1750265568602","-1"
"3970","1750265568602","1"
"3970","1750265569602","-1"
"3980","1750265569602","1"
"3980","1750265570602","-1"
"3990","1750265570602","1"
"3990","1750265571602","-1"
"4000","1750265571602","1"
"4000","1750265572602","-1"
"4010","1750265572602","1"
"4010","1750265573602","-1"
"4020","1750265573602","1"
"4020","1750265574602","-1"
"4030","1750265574602","1"
"4030","1750265575602","-1"
"4040","1750265575602","1"
"4040","1750265576602","-1"
"4050","1750265576602","1"
"4050","1750265577602","-1"
"4060","1750265577602","1"
"4060","1750265578602","-1"
"4070","1750265578602","1"
"4070","1750265579602","-1"
"4080","1750265579602","1"
"4080","1750265580602","-1"
"4089","1750265580602","1"
"4089","1750265581602","-1"
"4099","1750265581602","1"
"4099","1750265582602","-1"
"4109","1750265582602","1"
"4109","1750265583602","-1"
"4119","1750265583602","1"
"4119","1750265584602","-1"
"4129","1750265584602","1"
"4129","1750265585602","-1"
"4139","1750265585602","1"
"4139","1750265586602","-1"
"4149","1750265586602","1"
"4149","1750265587602","-1"
"4159","1750265587602","1"
"4159","1750265588602","-1"
"4169","1750265588602","1"
"4169","1750265589602","-1"
"4179","1750265589602","1"
"4179","1750265590602","-1"
"4189","1750265590602","1"
"4189","1750265591602","-1"
"4199","1750265591602","1"
"4199","1750265592602","-1"
"4209","1750265592602","1"
"4209","1750265593602","-1"
"4219","1750265593602","1"
"4219","1750265594602","-1"
"4229","1750265594602","1"
"4229","1750265595602","-1"
"4239","1750265595602","1"
"4239","1750265596602","-1"
"4248","1750265596602","1"
"4248","1750265597602","-1"
"4258","1750265597602","1"
"4258","1750265598602","-1"
"4268","1750265598602","1"
"4268","1750265599602","-1"
"4278","1750265599602","1"
"4278","1750265600602","-1"
"4288","1750265600602","1"
"4288","1750265601602","-1"
"4298","1750265601602","1"
"4298","1750265602602","-1"
"4308","1750265602602","1"
"4308","1750265603602","-1"
"4318","1750265603602","1"
"4318","1750265604602","-1"
"4328","1750265604602","1"
"4328","1750265605602","-1"
"4338","1750265605602","1"
"4338","1750265606602","-1"
"4348","1750265606602","1"
"4348","1750265607602","-1"
"4358","1750265607602","1"
"4358","1750265608602","-1"
"4368","1750265608602","1"
"4368","1750265609602","-1"
"4378","1750265609602","1"
"4378","1750265610602","-1"
"4388","1750265610602","1"
"4388","1750265611602","-1"
"4398","1750265611602","1"
"4398","1750265612602","-1"
"4408","1750265612602","1"
"4408","1750265613602","-1"
"4418","1750265613602","1"
"4418","1750265614602","-1"
"4427","1750265614602","1"
"4427","1750265615602","-1"
"4437","1750265615602","1"
"4437","1750265616602","-1"
"4447","1750265616602","1"
"4447","1750265617602","-1"
"4457","1750265617602","1"
"4457","1750265618602","-1"
"4467","1750265618602","1"
"4467","1750265619602","-1"
"4477","1750265619602","1"
"4477","1750265620602","-1"
"4487","1750265620602","1"
"4487","1750265621602","-1"
"4497","1750265621602","1"
"4497","1750265622602","-1"
"4507","1750265622602","1"
"4507","1750265623602","-1"
"4517","1750265623602","1"
"4517","1750265624602","-1"
"4527","1750265624602","1"
"4527","1750265625602","-1"
"4537","1750265625602","1"
"4537","1750265626602","-1"
"4547","1750265626602","1"
"4547","1750265627602","-1"
"4557","1750265627602","1"
"4557","1750265628602","-1"
"4567","1750265628602","1"
"4567","1750265629602","-1"
"4577","1750265629602","1"
"4577","1750265630602","-1"
"4587","1750265630602","1"
"4587","1750265631602","-1"
"4597","1750265631602","1"
"4597","1750265632602","-1"
"4606","1750265632602","1"
"4606","1750265633602","-1"
"4616","1750265633602","1"
"4616","1750265634602","-1"
"4626","1750265634602","1"
"4626","1750265635602","-1"
"4636","1750265635602","1"
"4636","1750265636602","-1"
"4646","1750265636602","1"
"4646","1750265637602","-1"
"4656","1750265637602","1"
"4656","1750265638602","-1"
"4666","1750265638602","1"
"4666","1750265639602","-1"
"4676","1750265639602","1"
"4676","1750265640602","-1"
"4686","1750265640602","1"
"4686","1750265641602","-1"
"4696","1750265641602","1"
"4696","1750265642602","-1"
"4706","1750265642602","1"
"4706","1750265643602","-1"
"4716","1750265643602","1"
"4716","1750265644602","-1"
"4726","1750265644602","1"
"4726","1750265645602","-1"
"4736","1750265645602","1"
"4736","1750265646602","-1"
"4746","1750265646602","1"
"4746","1750265647602","-1"
"4756","1750265647602","1"
"4756","1750265648602","-1"
"4766","1750265648602","1"
"4766","1750265649602","-1"
"4775","1750265649602","1"
"4775","1750265650602","-1"
"4785","1750265650602","1"
"4785","1750265651602","-1"
"4795","1750265651602","1"
"4795","1750265652602","-1"
"4805","1750265652602","1"
"4805","1750265653602","-1"
"4815","1750265653602","1"
"4815","1750265654602","-1"
"4825","1750265654602","1"
"4825","1750265655602","-1"
"4835","1750265655602","1"
"4835","1750265656602","-1"
"4845","1750265656602","1"
"4845","1750265657602","-1"
"4855","1750265657602","1"
"4855","1750265658602","-1"
"4865","1750265658602","1"
"4865","1750265659602","-1"
"4875","1750265659602","1"
"4875","1750265660602","-1"
"4885","1750265660602","1"
"4885","1750265661602","-1"
"4895","1750265661602","1"
"4895","1750265662602","-1"
"4905","1750265662602","1"
"4905","1750265663602","-1"
"4915","1750265663602","1"
"4915","1750265664602","-1"
"4925","1750265664602","1"
"4925","1750265665602","-1"
"4935","1750265665602","1"
"4935","1750265666602","-1"
"4945","1750265666602","1"
"4945","1750265667602","-1"
"4954","1750265667602","1"
"4954","1750265668602","-1"
"4964","1750265668602","1"
"4964","1750265669602","-1"
"4974","1750265669602","1"
"4974","1750265670602","-1"
"4984","1750265670602","1"
"4984","1750265671602","-1"
"4994","1750265671602","1"
"4994","1750265672602","-1"
"5004","1750265672602","1"
"5004","1750265673602","-1"
"5014","1750265673602","1"
"5014","1750265674602","-1"
"5024","1750265674602","1"
"5024","1750265675602","-1"
"5034","1750265675602","1"
"5034","1750265676602","-1"
"5044","1750265676602","1"
"5044","1750265677602","-1"
"5054","1750265677602","1"
"5054","1750265678602","-1"
"5064","1750265678602","1"
"5064","1750265679602","-1"
"5074","1750265679602","1"
"5074","1750265680602","-1"
"5084","1750265680602","1"
"5084","1750265681602","-1"
"5094","1750265681602","1"
"5094","1750265682602","-1"
"5104","1750265682602","1"
"5104","1750265683602","-1"
"5114","1750265683602","1"
"5114","1750265684602","-1"
"5123","1750265684602","1"
"5123","1750265685602","-1"
"5133","1750265685602","1"
"5133","1750265686602","-1"
"5143","1750265686602","1"
"5143","1750265687602","-1"
"5153","1750265687602","1"
"5153","1750265688602","-1"
"5163","1750265688602","1"
"5163","1750265689602","-1"
"5173","1750265689602","1"
"5173","1750265690602","-1"
"5183","1750265690602","1"
"5183","1750265691602","-1"
"5193","1750265691602","1"
"5193","1750265692602","-1"
"5203","1750265692602","1"
"5203","1750265693602","-1"
"5213","1750265693602","1"
"5213","1750265694602","-1"
"5223","1750265694602","1"
"5223","1750265695602","-1"
"5233","1750265695602","1"
"5233","1750265696602","-1"
"5243","1750265696602","1"
"5243","1750265697602","-1"
"5253","1750265697602","1"
"5253","1750265698602","-1"
"5263","1750265698602","1"
"5263","1750265699602","-1"
"5273","1750265699602","1"
"5273","1750265700602","-1"
"5283","1750265700602","1"
"5283","1750265701602","-1"
"5292","1750265701602","1"
"5292","1750265702602","-1"
"5302","1750265702602","1"
"5302","1750265703602","-1"
"5312","1750265703602","1"
"5312","1750265704602","-1"
"5322","1750265704602","1"
"5322","1750265705602","-1"
"5332","1750265705602","1"
"5332","1750265706602","-1"
"5342","1750265706602","1"
"5342","1750265707602","-1"
"5352","1750265707602","1"
"5352","1750265708602","-1"
"5362","1750265708602","1"
"5362","1750265709602","-1"
"5372","1750265709602","1"
"5372","1750265710602","-1"
"5382","1750265710602","1"
"5382","1750265711602","-1"
"5392","1750265711602","1"
"5392","1750265712602","-1"
"5402","1750265712602","1"
"5402","1750265713602","-1"
"5412","1750265713602","1"
"5412","1750265714602","-1"
"5422","1750265714602","1"
"5422","1750265715602","-1"
"5432","1750265715602","1"
"5432","1750265716602","-1"
"5442","1750265716602","1"
"5442","1750265717602","-1"
"5452","1750265717602","1"
"5452","1750265718602","-1"
"5462","1750265718602","1"
"5462","1750265719602","-1"
"5472","1750265719602","1"
"5472","1750265720602","-1"
"5482","1750265720602","1"
"5482","1750265721602","-1"
"5492","1750265721602","1"
"5492","1750265722602","-1"
"5501","1750265722602","1"
"5501","1750265723602","-1"
"5511","1750265723602","1"
"5511","1750265724602","-1"
"5521","1750265724602","1"
"5521","1750265725602","-1"
"5531","1750265725602","1"
"5531","1750265726602","-1"
"5541","1750265726602","1"
"5541","1750265727602","-1"
"5551","1750265727602","1"
"5551","1750265728602","-1"
"5561","1750265728602","1"
"5561","1750265729602","-1"
"5571","1750265729602","1"
"5571","1750265730602","-1"
"5581","1750265730602","1"
"5581","1750265731602","-1"
"5591","1750265731602","1"
"5591","1750265732602","-1"
"5601","1750265732602","1"
"5601","1750265733602","-1"
"5611","1750265733602","1"
"5611","1750265734602","-1"
"5621","1750265734602","1"
"5621","1750265735602","-1"
"5631","1750265735602","1"
"5631","1750265736602","-1"
"5641","1750265736602","1"
"5641","1750265737602","-1"
"5651","1750265737602","1"
"5651","1750265738602","-1"
"5661","1750265738602","1"
"5661","1750265739602","-1"
"5670","1750265739602","1"
"5670","1750265740602","-1"
"5680","1750265740602","1"
"5680","1750265741602","-1"
"5690","1750265741602","1"
"5690","1750265742602","-1"
"5700","1750265742602","1"
"5700","1750265743602","-1"
"5710","1750265743602","1"
"5710","1750265744602","-1"
"5720","1750265744602","1"
"5720","1750265745602","-1"
"5730","1750265745602","1"
"5730","1750265746602","-1"
"5740","1750265746602","1"
"5740","1750265747602","-1"
"5750","1750265747602","1"
"5750","1750265748602","-1"
"5760","1750265748602","1"
"5760","1750265749602","-1"
"5770","1750265749602","1"
"5770","1750265750602","-1"
"5780","1750265750602","1"
"5780","1750265751602","-1"
"5790","1750265751602","1"
"5790","1750265752602","-1"
"5800","1750265752602","1"
"5800","1750265753602","-1"
"5810","1750265753602","1"
"5810","1750265754602","-1"
"5820","1750265754602","1"
"5820","1750265755602","-1"
"5829","1750265755602","1"
"5829","1750265756602","-1"
"5839","1750265756602","1"
"5839","1750265757602","-1"
"5849","1750265757602","1"
"5849","1750265758602","-1"
"5859","1750265758602","1"
"5859","1750265759602","-1"
"5869","1750265759602","1"
"5869","1750265760602","-1"
"5879","1750265760602","1"
"5879","1750265761602","-1"
"5889","1750265761602","1"
"5889","1750265762602","-1"
"5899","1750265762602","1"
"5899","1750265763602","-1"
"5909","1750265763602","1"
"5909","1750265764602","-1"
"5919","1750265764602","1"
"5919","1750265765602","-1"
"5929","1750265765602","1"
"5929","1750265766602","-1"
"5939","1750265766602","1"
"5939","1750265767602","-1"
"5949","1750265767602","1"
"5949","1750265768602","-1"
"5959","1750265768602","1"
"5959","1750265769602","-1"
"5969","1750265769602","1"
"5969","1750265770602","-1"
"5979","1750265770602","1"
"5979","1750265771602","-1"
"5989","1750265771602","1"
"5989","1750265772602","-1"
"5999","1750265772602","1"
"5999","1750265773602","-1"
"6009","1750265773602","1"
"6009","1750265774602","-1"
"6019","1750265774602","1"
"6019","1750265775602","-1"
"6028","1750265775602","1"
"6028","1750265776602","-1"
"6038","1750265776602","1"
"6038","1750265777602","-1"
"6048","1750265777602","1"
"6048","1750265778602","-1"
"6058","1750265778602","1"
"6058","1750265779602","-1"
"6068","1750265779602","1"
"6068","1750265780602","-1"
"6078","1750265780602","1"
"6078","1750265781602","-1"
"6088","1750265781602","1"
"6088","1750265782602","-1"
"6098","1750265782602","1"
"6098","1750265783602","-1"
"6108","1750265783602","1"
"6108","1750265784602","-1"
"6118","1750265784602","1"
"6118","1750265785602","-1"
"6128","1750265785602","1"
"6128","1750265786602","-1"
"6138","1750265786602","1"
"6138","1750265787602","-1"
"6148","1750265787602","1"
"6148","1750265788602","-1"
"6158","1750265788602","1"
"6158","1750265789602","-1"
"6168","1750265789602","1"
"6168","1750265790602","-1"
"6178","1750265790602","1"
"6178","1750265791602","-1"
"6188","1750265791602","1"
"6188","1750265792602","-1"
"6198","1750265792602","1"
"6198","1750265793602","-1"
"6207","1750265793602","1"
"6207","1750265794602","-1"
"6217","1750265794602","1"
"6217","1750265795602","-1"
"6227","1750265795602","1"
"6227","1750265796602","-1"
"6237","1750265796602","1"
"6237","1750265797602","-1"
"6247","1750265797602","1"
"6247","1750265798602","-1"
"6257","1750265798602","1"
"6257","1750265799602","-1"
"6267","1750265799602","1"
"6267","1750265800602","-1"
"6277","1750265800602","1"
"6277","1750265801602","-1"
"6287","1750265801602","1"
"6287","1750265802602","-1"
"6297","1750265802602","1"
"6297","1750265803602","-1"
"6307","1750265803602","1"
"6307","1750265804602","-1"
"6317","1750265804602","1"
"6317","1750265805602","-1"
"6327","1750265805602","1"
"6327","1750265806602","-1"
"6337","1750265806602","1"
"6337","1750265807602","-1"
"6347","1750265807602","1"
"6347","1750265808602","-1"
"6357","1750265808602","1"
"6357","1750265809602","-1"
"6366","1750265809602","1"
"6366","1750265810602","-1"
"6376","1750265810602","1"
"6376","1750265811602","-1"
"6386","1750265811602","1"
"6386","1750265812602","-1"
"6396","1750265812602","1"
"6396","1750265813602","-1"
"6406","1750265813602","1"
"6406","1750265814602","-1"
"6416","1750265814602","1"
"6416","1750265815602","-1"
"6426","1750265815602","1"
"6426","1750265816602","-1"
"6436","1750265816602","1"
"6436","1750265817602","-1"
"6446","1750265817602","1"
"6446","1750265818602","-1"
"6456","1750265818602","1"
"6456","1750265819602","-1"
"6466","1750265819602","1"
"6466","1750265820602","-1"
"6476","1750265820602","1"
"6476","1750265821602","-1"
"6486","1750265821602","1"
"6486","1750265822602","-1"
"6496","1750265822602","1"
"6496","1750265823602","-1"
"6506","1750265823602","1"
"6506","1750265824602","-1"
"6516","1750265824602","1"
"6516","1750265825602","-1"
"6526","1750265825602","1"
"6526","1750265826602","-1"
"6536","1750265826602","1"
"6536","1750265827602","-1"
"6546","1750265827602","1"
"6546","1750265828602","-1"
"6555","1750265828602","1"
"6555","1750265829602","-1"
"6565","1750265829602","1"
"6565","1750265830602","-1"
"6575","1750265830602","1"
"6575","1750265831602","-1"
"6585","1750265831602","1"
"6585","1750265832602","-1"
"6595","1750265832602","1"
"6595","1750265833602","-1"
"6605","1750265833602","1"
"6605","1750265834602","-1"
"6615","1750265834602","1"
"6615","1750265835602","-1"
"6625","1750265835602","1"
"6625","1750265836602","-1"
"6635","1750265836602","1"
"6635","1750265837602","-1"
"6645","1750265837602","1"
"6645","1750265838602","-1"
"6655","1750265838602","1"
"6655","1750265839602","-1"
"6665","1750265839602","1"
"6665","1750265840602","-1"
"6675","1750265840602","1"
"6675","1750265841602","-1"
"6685","1750265841602","1"
"6685","1750265842602","-1"
"6695","1750265842602","1"
"6695","1750265843602","-1"
"6705","1750265843602","1"
"6705","1750265844602","-1"
"6715","1750265844602","1"
"6715","1750265845602","-1"
"6724","1750265845602","1"
"6724","1750265846602","-1"
"6734","1750265846602","1"
"6734","1750265847602","-1"
"6744","1750265847602","1"
"6744","1750265848602","-1"
"6754","1750265848602","1"
"6754","1750265849602","-1"
"6764","1750265849602","1"
"6764","1750265850602","-1"
"6774","1750265850602","1"
"6774","1750265851602","-1"
"6784","1750265851602","1"
"6784","1750265852602","-1"
"6794","1750265852602","1"
"6794","1750265853602","-1"
"6804","1750265853602","1"
"6804","1750265854602","-1"
"6814","1750265854602","1"
"6814","1750265855602","-1"
"6824","1750265855602","1"
"6824","1750265856602","-1"
"6834","1750265856602","1"
"6834","1750265857602","-1"
"6844","1750265857602","1"
"6844","1750265858602","-1"
"6854","1750265858602","1"
"6854","1750265859602","-1"
"6864","1750265859602","1"
"6864","1750265860602","-1"
"6874","1750265860602","1"
"6874","1750265861602","-1"
"6884","1750265861602","1"
"6884","1750265862602","-1"
"6893","1750265862602","1"
"6893","1750265863602","-1"
"6903","1750265863602","1"
"6903","1750265864602","-1"
"6913","1750265864602","1"
"6913","1750265865602","-1"
"6923","1750265865602","1"
"6923","1750265866602","-1"
"6933","1750265866602","1"
"6933","1750265867602","-1"
"6943","1750265867602","1"
"6943","1750265868602","-1"
"6953","1750265868602","1"
"6953","1750265869602","-1"
"6963","1750265869602","1"
"6963","1750265870602","-1"
"6973","1750265870602","1"
"6973","1750265871602","-1"
"6983","1750265871602","1"
"6983","1750265872602","-1"
"6993","1750265872602","1"
"6993","1750265873602","-1"
"7003","1750265873602","1"
"7003","1750265874602","-1"
"7013","1750265874602","1"
"7013","1750265875602","-1"
"7023","1750265875602","1"
"7023","1750265876602","-1"
"7033","1750265876602","1"
"7033","1750265877602","-1"
"7043","1750265877602","1"
"7043","1750265878602","-1"
"7053","1750265878602","1"
"7053","1750265879602","-1"
"7062","1750265879602","1"
"7062","1750265880602","-1"
"7072","1750265880602","1"
"7072","1750265881602","-1"
"7082","1750265881602","1"
"7082","1750265882602","-1"
"7092","1750265882602","1"
"7092","1750265883602","-1"
"7102","1750265883602","1"
"7102","1750265884602","-1"
"7112","1750265884602","1"
"7112","1750265885602","-1"
"7122","1750265885602","1"
"7122","1750265886602","-1"
"7132","1750265886602","1"
"7132","1750265887602","-1"
"7142","1750265887602","1"
"7142","1750265888602","-1"
"7152","1750265888602","1"
"7152","1750265889602","-1"
"7162","1750265889602","1"
"7162","1750265890602","-1"
"7172","1750265890602","1"
"7172","1750265891602","-1"
"7182","1750265891602","1"
"7182","1750265892602","-1"
"7192","1750265892602","1"
"7192","1750265893602","-1"
"7202","1750265893602","1"
"7202","1750265894602","-1"
"7212","1750265894602","1"
"7212","1750265895602","-1"
"7222","1750265895602","1"
"7222","1750265896602","-1"
"7231","1750265896602","1"
"7231","1750265897602","-1"
"7241","1750265897602","1"
"7241","1750265898602","-1"
"7251","1750265898602","1"
"7251","1750265899602","-1"
"7261","1750265899602","1"
"7261","1750265900602","-1"
"7271","1750265900602","1"
"7271","1750265901602","-1"
"7281","1750265901602","1"
"7281","1750265902602","-1"
"7291","1750265902602","1"
"7291","1750265903602","-1"
"7301","1750265903602","1"
"7301","1750265904602","-1"
"7311","1750265904602","1"
"7311","1750265905602","-1"
"7321","1750265905602","1"
"7321","1750265906602","-1"
"7331","1750265906602","1"
"7331","1750265907602","-1"
"7341","1750265907602","1"
"7341","1750265908602","-1"
"7351","1750265908602","1"
"7351","1750265909602","-1"
"7361","1750265909602","1"
"7361","1750265910602","-1"
"7371","1750265910602","1"
"7371","1750265911602","-1"
"7381","1750265911602","1"
"7381","1750265912602","-1"
"7391","1750265912602","1"
"7391","1750265913602","-1"
"7401","1750265913602","1"
"7401","1750265914602","-1"
"7410","1750265914602","1"
"7410","1750265915602","-1"
"7420","1750265915602","1"
"7420","1750265916602","-1"
"7430","1750265916602","1"
"7430","1750265917602","-1"
"7440","1750265917602","1"
"7440","1750265918602","-1"
"7450","1750265918602","1"
"7450","1750265919602","-1"
"7460","1750265919602","1"
"7460","1750265920602","-1"
"7470","1750265920602","1"
"7470","1750265921602","-1"
"7480","1750265921602","1"
"7480","1750265922602","-1"
"7490","1750265922602","1"
"7490","1750265923602","-1"
"7500","1750265923602","1"
"7500","1750265924602","-1"
"7510","1750265924602","1"
"7510","1750265925602","-1"
"7520","1750265925602","1"
"7520","1750265926602","-1"
"7530","1750265926602","1"
"7530","1750265927602","-1"
"7540","1750265927602","1"
"7540","1750265928602","-1"
"7550","1750265928602","1"
"7550","1750265929602","-1"
"7560","1750265929602","1"
"7560","1750265930602","-1"
"7570","1750265930602","1"
"7570","1750265931602","-1"
"7580","1750265931602","1"
"7580","1750265932602","-1"
"7590","1750265932602","1"
"7590","1750265933602","-1"
"7600","1750265933602","1"
"7600","1750265934602","-1"
"7610","1750265934602","1"
"7610","1750265935602","-1"
"7619","1750265935602","1"
"7619","1750265936602","-1"
"7629","1750265936602","1"
"7629","1750265937602","-1"
"7639","1750265937602","1"
"7639","1750265938602","-1"
"7649","1750265938602","1"
"7649","1750265939602","-1"
"7659","1750265939602","1"
"7659","1750265940602","-1"
"7669","1750265940602","1"
"7669","1750265941602","-1"
"7679","1750265941602","1"
"7679","1750265942602","-1"
"7689","1750265942602","1"
"7689","1750265943602","-1"
"7699","1750265943602","1"
"7699","1750265944602","-1"
"7709","1750265944602","1"
"7709","1750265945602","-1"
"7719","1750265945602","1"
"7719","1750265946602","-1"
"7729","1750265946602","1"
"7729","1750265947602","-1"
"7739","1750265947602","1"
"7739","1750265948602","-1"
"7749","1750265948602","1"
"7749","1750265949602","-1"
"7759","1750265949602","1"
"7759","1750265950602","-1"
"7769","1750265950602","1"
"7769","1750265951602","-1"
"7779","1750265951602","1"
"7779","1750265952602","-1"
"7789","1750265952602","1"
"7789","1750265953602","-1"
"7799","1750265953602","1"
"7799","1750265954602","-1"
"7809","1750265954602","1"
"7809","1750265955602","-1"
"7819","1750265955602","1"
"7819","1750265956602","-1"
"7829","1750265956602","1"
"7829","1750265957602","-1"
"7839","1750265957602","1"
"7839","1750265958602","-1"
"7848","1750265958602","1"
"7848","1750265959602","-1"
"7858","1750265959602","1"
"7858","1750265960602","-1"
"7868","1750265960602","1"
"7868","1750265961602","-1"
"7878","1750265961602","1"
"7878","1750265962602","-1"
"7888","1750265962602","1"
"7888","1750265963602","-1"
"7898","1750265963602","1"
"7898","1750265964602","-1"
"7908","1750265964602","1"
"7908","1750265965602","-1"
"7918","1750265965602","1"
"7918","1750265966602","-1"
"7928","1750265966602","1"
"7928","1750265967602","-1"
"7938","1750265967602","1"
"7938","1750265968602","-1"
"7948","1750265968602","1"
"7948","1750265969602","-1"
"7958","1750265969602","1"
"7958","1750265970602","-1"
"7968","1750265970602","1"
"7968","1750265971602","-1"
"7978","1750265971602","1"
"7978","1750265972602","-1"
"7988","1750265972602","1"
"7988","1750265973602","-1"
"7998","1750265973602","1"
"7998","1750265974602","-1"
"8008","1750265974602","1"
"8008","1750265975602","-1"
"8018","1750265975602","1"
"8018","1750265976602","-1"
"8028","1750265976602","1"
"8028","1750265977602","-1"
"8037","1750265977602","1"
"8037","1750265978602","-1"
"8047","1750265978602","1"
"8047","1750265979602","-1"
"8057","1750265979602","1"
"8057","1750265980602","-1"
"8067","1750265980602","1"
"8067","1750265981602","-1"
"8077","1750265981602","1"
"8077","1750265982602","-1"
"8087","1750265982602","1"
"8087","1750265983602","-1"
"8097","1750265983602","1"
"8097","1750265984602","-1"
"8107","1750265984602","1"
"8107","1750265985602","-1"
"8117","1750265985602","1"
"8117","1750265986602","-1"
"8127","1750265986602","1"
"8127","1750265987602","-1"
"8137","1750265987602","1"
"8137","1750265988602","-1"
"8147","1750265988602","1"
"8147","1750265989602","-1"
"8157","1750265989602","1"
"8157","1750265990602","-1"
"8167","1750265990602","1"
"8167","1750265991602","-1"
"8177","1750265991602","1"
"8177","1750265992602","-1"
"8187","1750265992602","1"
"8187","1750265993602","-1"
"8197","1750265993602","1"
"8197","1750265994602","-1"
"8207","1750265994602","1"
"8207","1750265995602","-1"
"8217","1750265995602","1"
"8217","1750265996602","-1"
"8227","1750265996602","1"
"8227","1750265997602","-1"
"8237","1750265997602","1"
"8237","1750265998602","-1"
"8246","1750265998602","1"
"8246","1750265999602","-1"
"8256","1750265999602","1"
"8256","1750266000602","-1"
"8266","1750266000602","1"
"8266","1750266001602","-1"
"8276","1750266001602","1"
"8276","1750266002602","-1"
"8286","1750266002602","1"
"8286","1750266003602","-1"
"8296","1750266003602","1"
"8296","1750266004602","-1"
"8306","1750266004602","1"
"8306","1750266005602","-1"
"8316","1750266005602","1"
"8316","1750266006602","-1"
"8326","1750266006602","1"
"8326","1750266007602","-1"
"8336","1750266007602","1"
"8336","1750266008602","-1"
"8346","1750266008602","1"
"8346","1750266009602","-1"
"8356","1750266009602","1"
"8356","1750266010602","-1"
"8366","1750266010602","1"
"8366","1750266011602","-1"
"8376","1750266011602","1"
"8376","1750266012602","-1"
"8386","1750266012602","1"
"8386","1750266013602","-1"
"8396","1750266013602","1"
"8396","1750266014602","-1"
"8406","1750266014602","1"
"8406","1750266015602","-1"
"8416","1750266015602","1"
"8416","1750266016602","-1"
"8426","1750266016602","1"
"8426","1750266017602","-1"
"8436","1750266017602","1"
"8436","1750266018602","-1"
"8446","1750266018602","1"
"8446","1750266019602","-1"
"8456","1750266019602","1"
"8456","1750266020602","-1"
"8465","1750266020602","1"
"8465","1750266021602","-1"
"8475","1750266021602","1"
"8475","1750266022604","-1"
"8485","1750266022604","1"
"8485","1750266023602","-1"
"8495","1750266023602","1"
"8495","1750266024602","-1"
"8505","1750266024602","1"
"8505","1750266025602","-1"
"8515","1750266025602","1"
"8515","1750266026602","-1"
"8525","1750266026602","1"
"8525","1750266027602","-1"
"8535","1750266027602","1"
"8535","1750266028602","-1"
"8545","1750266028602","1"
"8545","1750266029602","-1"
"8555","1750266029602","1"
"8555","1750266030602","-1"
"8565","1750266030602","1"
"8565","1750266031602","-1"
"8575","1750266031602","1"
"8575","1750266032602","-1"
"8585","1750266032602","1"
"8585","1750266033602","-1"
"8595","1750266033602","1"
"8595","1750266034602","-1"
"8605","1750266034602","1"
"8605","1750266035602","-1"
"8615","1750266035602","1"
"8615","1750266036602","-1"
"8625","1750266036602","1"
"8625","1750266037602","-1"
"8635","1750266037602","1"
"8635","1750266038602","-1"
"8645","1750266038602","1"
"8645","1750266039602","-1"
"8655","1750266039602","1"
"8655","1750266040602","-1"
"8665","1750266040602","1"
"8665","1750266041602","-1"
"8675","1750266041602","1"
"8675","1750266042602","-1"
"8684","1750266042602","1"
"8684","1750266043602","-1"
"8694","1750266043602","1"
"8694","1750266044602","-1"
"8704","1750266044602","1"
"8704","1750266045602","-1"
"8714","1750266045602","1"
"8714","1750266046602","-1"
"8724","1750266046602","1"
"8724","1750266047602","-1"
"8734","1750266047602","1"
"8734","1750266048602","-1"
"8744","1750266048602","1"
"8744","1750266049602","-1"
"8754","1750266049602","1"
"8754","1750266050602","-1"
"8764","1750266050602","1"
"8764","1750266051602","-1"
"8774","1750266051602","1"
"8774","1750266052602","-1"
"8784","1750266052602","1"
"8784","1750266053602","-1"
"8794","1750266053602","1"
"8794","1750266054602","-1"
"8804","1750266054602","1"
"8804","1750266055602","-1"
"8814","1750266055602","1"
"8814","1750266056602","-1"
"8824","1750266056602","1"
"8824","1750266057602","-1"
"8834","1750266057602","1"
"8834","1750266058602","-1"
"8844","1750266058602","1"
"8844","1750266059602","-1"
"8854","1750266059602","1"
"8854","1750266060602","-1"
"8864","1750266060602","1"
"8864","1750266061602","-1"
"8873","1750266061602","1"
"8873","1750266062602","-1"
"8883","1750266062602","1"
"8883","1750266063602","-1"
"8893","1750266063602","1"
"8893","1750266064602","-1"
"8903","1750266064602","1"
"8903","1750266065602","-1"
"8913","1750266065602","1"
"8913","1750266066602","-1"
"8923","1750266066602","1"
"8923","1750266067602","-1"
"8933","1750266067602","1"
"8933","1750266068602","-1"
"8943","1750266068602","1"
"8943","1750266069602","-1"
"8953","1750266069602","1"
"8953","1750266070602","-1"
"8963","1750266070602","1"
"8963","1750266071602","-1"
"8973","1750266071602","1"
"8973","1750266072602","-1"
"8983","1750266072602","1"
"8983","1750266073602","-1"
"8993","1750266073602","1"
"8993","1750266074602","-1"
"9003","1750266074602","1"
"9003","1750266075602","-1"
"9013","1750266075602","1"
"9013","1750266076602","-1"
"9023","1750266076602","1"
"9023","1750266077602","-1"
"9033","1750266077602","1"
"9033","1750266078602","-1"
"9043","1750266078602","1"
"9043","1750266079602","-1"
"9053","1750266079602","1"
"9053","1750266080602","-1"
"9063","1750266080602","1"
"9063","1750266081602","-1"
"9073","1750266081602","1"
"9073","1750266082602","-1"
"9083","1750266082602","1"
"9083","1750266083602","-1"
"9092","1750266083602","1"
"9092","1750266084602","-1"
"9102","1750266084602","1"
"9102","1750266085602","-1"
"9112","1750266085602","1"
"9112","1750266086602","-1"
"9122","1750266086602","1"
"9122","1750266087602","-1"
"9132","1750266087602","1"
"9132","1750266088602","-1"
"9142","1750266088602","1"
"9142","1750266089602","-1"
"9152","1750266089602","1"
"9152","1750266090602","-1"
"9162","1750266090602","1"
"9162","1750266091602","-1"
"9172","1750266091602","1"
"9172","1750266092602","-1"
"9182","1750266092602","1"
"9182","1750266093602","-1"
"9192","1750266093602","1"
"9192","1750266094602","-1"
"9202","1750266094602","1"
"9202","1750266095602","-1"
"9212","1750266095602","1"
"9212","1750266096602","-1"
"9222","1750266096602","1"
"9222","1750266097602","-1"
"9232","1750266097602","1"
"9232","1750266098602","-1"
"9242","1750266098602","1"
"9242","1750266099602","-1"
"9252","1750266099602","1"
"9252","1750266100602","-1"
"9262","1750266100602","1"
"9262","1750266101602","-1"
"9272","1750266101602","1"
"9272","1750266102602","-1"
"9282","1750266102602","1"
"9282","1750266103602","-1"
"9291","1750266103602","1"
"9291","1750266104602","-1"
"9301","1750266104602","1"
"9301","1750266105602","-1"
"9311","1750266105602","1"
"9311","1750266106602","-1"
"9321","1750266106602","1"
"9321","1750266107602","-1"
"9331","1750266107602","1"
"9331","1750266108602","-1"
"9341","1750266108602","1"
"9341","1750266109602","-1"
"9351","1750266109602","1"
"9351","1750266110602","-1"
"9361","1750266110602","1"
"9361","1750266111602","-1"
"9371","1750266111602","1"
"9371","1750266112602","-1"
"9381","1750266112602","1"
"9381","1750266113602","-1"
"9391","1750266113602","1"
"9391","1750266114602","-1"
"9401","1750266114602","1"
"9401","1750266115604","-1"
"9411","1750266115604","1"
"9411","1750266116602","-1"
"9421","1750266116602","1"
"9421","1750266117602","-1"
"9431","1750266117602","1"
"9431","1750266118602","-1"
"9441","1750266118602","1"
"9441","1750266119602","-1"
"9451","1750266119602","1"
"9451","1750266120602","-1"
"9461","1750266120602","1"
"9461","1750266121602","-1"
"9471","1750266121602","1"
"9471","1750266122602","-1"
"9481","1750266122602","1"
"9481","1750266123602","-1"
"9491","1750266123602","1"
"9491","1750266124602","-1"
"9501","1750266124602","1"
"9501","1750266125602","-1"
"9510","1750266125602","1"
"9510","1750266126602","-1"
"9520","1750266126602","1"
"9520","1750266127602","-1"
"9530","1750266127602","1"
"9530","1750266128602","-1"
"9540","1750266128602","1"
"9540","1750266129602","-1"
"9550","1750266129602","1"
"9550","1750266130602","-1"
"9560","1750266130602","1"
"9560","1750266131602","-1"
"9570","1750266131602","1"
"9570","1750266132602","-1"
"9580","1750266132602","1"
"9580","1750266133602","-1"
"9590","1750266133602","1"
"9590","1750266134602","-1"
"9600","1750266134602","1"
"9600","1750266135602","-1"
"9610","1750266135602","1"
"9610","1750266136602","-1"
"9620","1750266136602","1"
"9620","1750266137602","-1"
"9630","1750266137602","1"
"9630","1750266138602","-1"
"9640","1750266138602","1"
"9640","1750266139602","-1"
"9650","1750266139602","1"
"9650","1750266140602","-1"
"9660","1750266140602","1"
"9660","1750266141602","-1"
"9670","1750266141602","1"
"9670","1750266142602","-1"
"9680","1750266142602","1"
"9680","1750266143602","-1"
"9690","1750266143602","1"
"9690","1750266144602","-1"
"9700","1750266144602","1"
"9700","1750266145602","-1"
"9709","1750266145602","1"
"9709","1750266146602","-1"
"9719","1750266146602","1"
"9719","1750266147602","-1"
"9729","1750266147602","1"
"9729","1750266148602","-1"
"9739","1750266148602","1"
"9739","1750266149602","-1"
"9749","1750266149602","1"
"9749","1750266150602","-1"
"9759","1750266150602","1"
"9759","1750266151602","-1"
"9769","1750266151602","1"
"9769","1750266152602","-1"
"9779","1750266152602","1"
"9779","1750266153602","-1"
"9789","1750266153602","1"
"9789","1750266154602","-1"
"9799","1750266154602","1"
"9799","1750266155602","-1"
"9809","1750266155602","1"
"9809","1750266156602","-1"
"9819","1750266156602","1"
"9819","1750266157602","-1"
"9829","1750266157602","1"
"9829","1750266158602","-1"
"9839","1750266158602","1"
"9839","1750266159602","-1"
"9849","1750266159602","1"
"9849","1750266160602","-1"
"9859","1750266160602","1"
"9859","1750266161602","-1"
"9869","1750266161602","1"
"9869","1750266162602","-1"
"9879","1750266162602","1"
"9879","1750266163602","-1"
"9889","1750266163602","1"
"9889","1750266164602","-1"
"9898","1750266164602","1"
"9898","1750266165602","-1"
"9908","1750266165602","1"
"9908","1750266166602","-1"
"9918","1750266166602","1"
"9918","1750266167602","-1"
"9928","1750266167602","1"
"9928","1750266168602","-1"
"9938","1750266168602","1"
"9938","1750266169602","-1"
"9948","1750266169602","1"
"9948","1750266170602","-1"
"9958","1750266170602","1"
"9958","1750266171602","-1"
"9968","1750266171602","1"
"9968","1750266172602","-1"
"9978","1750266172602","1"
"9978","1750266173602","-1"
"9988","1750266173602","1"
"9988","1750266174602","-1"
"9998","1750266174602","1"
"9998","1750266175602","-1"
"10008","1750266175602","1"
"10008","1750266176602","-1"
"10018","1750266176602","1"
"10018","1750266177602","-1"
"10028","1750266177602","1"
"10028","1750266178602","-1"
"10038","1750266178602","1"
"10038","1750266179602","-1"
"10048","1750266179602","1"
"10048","1750266180602","-1"
"10058","1750266180602","1"
"10058","1750266181602","-1"
"10068","1750266181602","1"
"10068","1750266182602","-1"
"10078","1750266182602","1"
"10078","1750266183602","-1"
"10088","1750266183602","1"
"10088","1750266184602","-1"
"10098","1750266184602","1"
"10098","1750266185602","-1"
"10107","1750266185602","1"
"10107","1750266186602","-1"
"10117","1750266186602","1"
"10117","1750266187602","-1"
"10127","1750266187602","1"
"10127","1750266188602","-1"
"10137","1750266188602","1"
"10137","1750266189602","-1"
"10147","1750266189602","1"
"10147","1750266190602","-1"
"10157","1750266190602","1"
"10157","1750266191602","-1"
"10167","1750266191602","1"
"10167","1750266192602","-1"
"10177","1750266192602","1"
"10177","1750266193602","-1"
"10187","1750266193602","1"
"10187","1750266194602","-1"
"10197","1750266194602","1"
"10197","1750266195602","-1"
"10207","1750266195602","1"
"10207","1750266196602","-1"
"10217","1750266196602","1"
"10217","1750266197602","-1"
"10227","1750266197602","1"
"10227","1750266198602","-1"
"10237","1750266198602","1"
"10237","1750266199602","-1"
"10247","1750266199602","1"
"10247","1750266200602","-1"
"10257","1750266200602","1"
"10257","1750266201602","-1"
"10267","1750266201602","1"
"10267","1750266202602","-1"
"10277","1750266202602","1"
"10277","1750266203602","-1"
"10287","1750266203602","1"
"10287","1750266204602","-1"
"10297","1750266204602","1"
"10297","1750266205602","-1"
"10306","1750266205602","1"
"10306","1750266206602","-1"
"10316","1750266206602","1"
"10316","1750266207602","-1"
"10326","1750266207602","1"
"10326","1750266208602","-1"
"10336","1750266208602","1"
"10336","1750266209602","-1"
"10346","1750266209602","1"
"10346","1750266210602","-1"
"10356","1750266210602","1"
"10356","1750266211602","-1"
"10366","1750266211602","1"
"10366","1750266212602","-1"
"10376","1750266212602","1"
"10376","1750266213602","-1"
"10386","1750266213602","1"
"10386","1750266214602","-1"
"10396","1750266214602","1"
"10396","1750266215602","-1"
"10406","1750266215602","1"
"10406","1750266216602","-1"
"10416","1750266216602","1"
"10416","1750266217602","-1"
"10426","1750266217602","1"
"10426","1750266218602","-1"
"10436","1750266218602","1"
"10436","1750266219602","-1"
"10446","1750266219602","1"
"10446","1750266220602","-1"
"10456","1750266220602","1"
"10456","1750266221602","-1"
"10466","1750266221602","1"
"10466","1750266222602","-1"
"10476","1750266222602","1"
"10476","1750266223602","-1"
"10485","1750266223602","1"
"10485","1750266224602","-1"
"10495","1750266224602","1"
"10495","1750266225602","-1"
"10505","1750266225602","1"
"10505","1750266226602","-1"
"10515","1750266226602","1"
"10515","1750266227602","-1"
"10525","1750266227602","1"
"10525","1750266228602","-1"
"10535","1750266228602","1"
"10535","1750266229602","-1"
"10545","1750266229602","1"
"10545","1750266230602","-1"
"10555","1750266230602","1"
"10555","1750266231602","-1"
"10565","1750266231602","1"
"10565","1750266232602","-1"
"10575","1750266232602","1"
"10575","1750266233602","-1"
"10585","1750266233602","1"
"10585","1750266234602","-1"
"10595","1750266234602","1"
"10595","1750266235602","-1"
"10605","1750266235602","1"
"10605","1750266236602","-1"
"10615","1750266236602","1"
"10615","1750266237602","-1"
"10625","1750266237602","1"
"10625","1750266238602","-1"
"10635","1750266238602","1"
"10635","1750266239602","-1"
"10645","1750266239602","1"
"10645","1750266240602","-1"
"10655","1750266240602","1"
"10655","1750266241602","-1"
"10665","1750266241602","1"
"10665","1750266242602","-1"
"10675","1750266242602","1"
"10675","1750266243602","-1"
"10684","1750266243602","1"
"10684","1750266244602","-1"
"10694","1750266244602","1"
"10694","1750266245602","-1"
"10704","1750266245602","1"
"10704","1750266246602","-1"
"10714","1750266246602","1"
"10714","1750266247602","-1"
"10724","1750266247602","1"
"10724","1750266248602","-1"
"10734","1750266248602","1"
"10734","1750266249602","-1"
"10744","1750266249602","1"
"10744","1750266250602","-1"
"10754","1750266250602","1"
"10754","1750266251602","-1"
"10764","1750266251602","1"
"10764","1750266252602","-1"
"10774","1750266252602","1"
"10774","1750266253602","-1"
"10784","1750266253602","1"
"10784","1750266254602","-1"
"10794","1750266254602","1"
"10794","1750266255602","-1"
"10804","1750266255602","1"
"10804","1750266256602","-1"
"10814","1750266256602","1"
"10814","1750266257602","-1"
"10824","1750266257602","1"
"10824","1750266258602","-1"
"10834","1750266258602","1"
"10834","1750266259602","-1"
"10844","1750266259602","1"
"10844","1750266260602","-1"
"10854","1750266260602","1"
"10854","1750266261602","-1"
"10864","1750266261602","1"
"10864","1750266262602","-1"
"10874","1750266262602","1"
"10874","1750266263602","-1"
"10883","1750266263602","1"
"10883","1750266264602","-1"
"10893","1750266264602","1"
"10893","1750266265602","-1"
"10903","1750266265602","1"
"10903","1750266266602","-1"
"10913","1750266266602","1"
"10913","1750266267602","-1"
"10923","1750266267602","1"
"10923","1750266268602","-1"
"10933","1750266268602","1"
"10933","1750266269602","-1"
"10943","1750266269602","1"
"10943","1750266270602","-1"
"10953","1750266270602","1"
"10953","1750266271602","-1"
"10963","1750266271602","1"
"10963","1750266272602","-1"
"10973","1750266272602","1"
"10973","1750266273602","-1"
"10983","1750266273602","1"
"10983","1750266274602","-1"
"10993","1750266274602","1"
"10993","1750266275602","-1"
"11003","1750266275602","1"
"11003","1750266276602","-1"
"11013","1750266276602","1"
"11013","1750266277602","-1"
"11023","1750266277602","1"
"11023","1750266278602","-1"
"11033","1750266278602","1"
"11033","1750266279602","-1"
"11043","1750266279602","1"
"11043","1750266280602","-1"
"11053","1750266280602","1"
"11053","1750266281602","-1"
"11063","1750266281602","1"
"11063","1750266282602","-1"
"11073","1750266282602","1"
"11073","1750266283602","-1"
"11083","1750266283602","1"
"11083","1750266284602","-1"
"11092","1750266284602","1"
"11092","1750266285602","-1"
"11102","1750266285602","1"
"11102","1750266286602","-1"
"11112","1750266286602","1"
"11112","1750266287602","-1"
"11122","1750266287602","1"
"11122","1750266288602","-1"
"11132","1750266288602","1"
"11132","1750266289602","-1"
"11142","1750266289602","1"
"11142","1750266290602","-1"
"11152","1750266290602","1"
"11152","1750266291602","-1"
"11162","1750266291602","1"
"11162","1750266292602","-1"
"11172","1750266292602","1"
"11172","1750266293602","-1"
"11182","1750266293602","1"
"11182","1750266294602","-1"
"11192","1750266294602","1"
"11192","1750266295602","-1"
"11202","1750266295602","1"
"11202","1750266296602","-1"
"11212","1750266296602","1"
"11212","1750266297602","-1"
"11222","1750266297602","1"
"11222","1750266298602","-1"
"11232","1750266298602","1"
"11232","1750266299602","-1"
"11242","1750266299602","1"
"11242","1750266300602","-1"
"11252","1750266300602","1"
"11252","1750266301602","-1"
"11262","1750266301602","1"
"11262","1750266302602","-1"
"11272","1750266302602","1"
"11272","1750266303602","-1"
"11281","1750266303602","1"
"11281","1750266304602","-1"
"11291","1750266304602","1"
"11291","1750266305602","-1"
"11301","1750266305602","1"
"11301","1750266306602","-1"
"11311","1750266306602","1"
"11311","1750266307602","-1"
"11321","1750266307602","1"
"11321","1750266308602","-1"
"11331","1750266308602","1"
"11331","1750266309602","-1"
"11341","1750266309602","1"
"11341","1750266310602","-1"
"11351","1750266310602","1"
"11351","1750266311602","-1"
"11361","1750266311602","1"
"11361","1750266312602","-1"
"11371","1750266312602","1"
"11371","1750266313602","-1"
"11381","1750266313602","1"
"11381","1750266314602","-1"
"11391","1750266314602","1"
"11391","1750266315602","-1"
"11401","1750266315602","1"
"11401","1750266316602","-1"
"11411","1750266316602","1"
"11411","1750266317602","-1"
"11421","1750266317602","1"
"11421","1750266318602","-1"
"11431","1750266318602","1"
"11431","1750266319602","-1"
"11441","1750266319602","1"
"11441","1750266320602","-1"
"11451","1750266320602","1"
"11451","1750266321602","-1"
"11461","1750266321602","1"
"11461","1750266322602","-1"
"11470","1750266322602","1"
"11470","1750266323602","-1"
"11480","1750266323602","1"
"11480","1750266324602","-1"
"11490","1750266324602","1"
"11490","1750266325602","-1"
"11500","1750266325602","1"
"11500","1750266326602","-1"
"11510","1750266326602","1"
"11510","1750266327602","-1"
"11520","1750266327602","1"
"11520","1750266328602","-1"
"11530","1750266328602","1"
"11530","1750266329602","-1"
"11540","1750266329602","1"
"11540","1750266330602","-1"
"11550","1750266330602","1"
"11550","1750266331602","-1"
"11560","1750266331602","1"
"11560","1750266332602","-1"
"11570","1750266332602","1"
"11570","1750266333602","-1"
"11580","1750266333602","1"
"11580","1750266334602","-1"
"11590","1750266334602","1"
"11590","1750266335602","-1"
"11600","1750266335602","1"
"11600","1750266336602","-1"
"11610","1750266336602","1"
"11610","1750266337602","-1"
"11620","1750266337602","1"
"11620","1750266338602","-1"
"11630","1750266338602","1"
"11630","1750266339602","-1"
"11640","1750266339602","1"
"11640","1750266340602","-1"
"11650","1750266340602","1"
"11650","1750266341602","-1"
"11660","1750266341602","1"
"11660","1750266342602","-1"
"11669","1750266342602","1"
"11669","1750266343602","-1"
"11679","1750266343602","1"
"11679","1750266344602","-1"
"11689","1750266344602","1"
"11689","1750266345602","-1"
"11699","1750266345602","1"
"11699","1750266346602","-1"
"11709","1750266346602","1"
"11709","1750266347602","-1"
"11719","1750266347602","1"
"11719","1750266348602","-1"
"11729","1750266348602","1"
"11729","1750266349602","-1"
"11739","1750266349602","1"
"11739","1750266350602","-1"
"11749","1750266350602","1"
"11749","1750266351602","-1"
"11759","1750266351602","1"
"11759","1750266352602","-1"
"11769","1750266352602","1"
"11769","1750266353602","-1"
"11779","1750266353602","1"
